no;restaurant_name;city;district;place;unique_menu;price;google_rating;google_count;platform_rating;platform_count;specialized;beef;chicken;seafood;appetizer;other_dish;dessert;drinks;other_poultry;takeaway;delivery;outdoor;smoking_area;alcohol_served;wifi;reservation;other
1;Tucano's Churrascaria;Central Jakarta;Sudirman;Senayan City;Classic Beef 90 minutes;268000; 4.7 ;330; 4.7 ;777;Brazilian;sirloin, wagyu;yes;no;soup, pasta;churros, egg tart, fries;ice cream;mocktail, juice, mineral water, soft drink, coffee, tea;no;yes;yes;yes;yes;cocktail, wine, beer, highball;yes;yes;buffet, bar, live entertainment, private dining
2;Kitchenette;South Jakarta;Senayan;Senayan City;Kitchenette Steak Frites;205000; 4.5 ;745; 4.1 ;574;Western;rib eye;roasted;dory, barramundi, fish and chips;fries, meatball, quesadillas, salad;burger, rice plate, fried rice, savory crepes etc;crepe, cake, pie;beer, wine, alcohol, mocktails, milkshakes, lemonade, smooties;seafood;yes;no;no;no;wine, beer, cocktail, liquor, spirit;yes;yes;no
3;Tony Roma's;Central Jakarta;Thamrin;UOB Plaza;Baby Back Ribs with Fish Fillet;170000; 4.5 ;559; 4.6 ;488;Western;ribs, striploin, rib eye;crispy tenderloins, steak, barbeque;platters, shrimp, salmon, fish fillet;soup, salad, quesadilas, fries etc;artichoke dip, mozarella stick, burger etc;ice cream, cake, special etc.;alcohol, coffee, tea, juice;pork, seafood;no;no;no;no;liquor, rum, tequila, gin, vodka, whiskey etc;yes;yes;no
4;Gandy Steak House;Central Jakarta;Menteng;Owned place;Grilled Australian Tenderloin;191000; 4.5 ;2041; 4.3 ;386;Western;sirloin, tenderloin, rib eye, ribs;steak, schnitzel, cordon bleu etc;salmon, fish, prawn, platter, fish and chips;soup, salad, pasta, garlic bread, quesadilas;sandwich, schnitzel, burger, fries etc;ice cream, gelato;beer, wine, alcohol, coffee, iced coffee, iced tea, juice, milkshakes, water, mocktails;seafood, lamb;yes;no;no;no;cocktail, wine, beer;yes;yes;bakery
5;Joni Steak;Central Jakarta;Gajah Mada;Owned place;Wagyu Top Side;72000; 4.5 ;5093; 4.1 ;545;Local;sirloin, rib eye, wagyu;steak, schnitzel, burger, cordon bleu etc;prawn, salmon, fish and chips;pasta;pizza, fries;banana split, cream brulee;milkshakes, coconut, cocktail, juice, iced coffee, blackcurrant, tea, lemon, tebu;seafood;yes;yes;no;no;no;no;no;no
6;MUCCA Steak;Central Jakarta;Sudirman;Citywalk Sudirman;Tomahawk Bone In Rib Eye Steak;940000; 4.5 ;391; 4.2 ;232;Western;tenderloin, sirloin, rib eye, wagyu;steak;dory, fish, salmon;wraps, salad, pasta;burger, nasi goreng, fries etc;ice cream, cake, french toast;beer, coffee, juice, iced tea;seafood;yes;no;no;yes;beer;yes;yes;kids friendly
7;El Machote;Central Jakarta;Menteng;Owned place;Chivito Plato;150000; 0.0 ;0; 4.1 ;154;Mexican;sirloin, rib eye, tenderloin, brisket etc;yes;salmon;soup, nachos, quesadilas, salad, pasta, empanada;fries, burger, sandwich, wings etc;crepe, ice cream;beer, wine, alcohol, mocktails, smooties, lemonade, juice, soft drinks, coffee, tea, mineral water;pork, seafood, lamb;yes;yes;no;yes;beer, vodka, whiskey, tequila, wine etc;yes;yes;all you can eat, bar
8;Waroeng Steak & Shake;Central Jakarta;Cempaka Putih;Owned place;Sirloin Double with Brown Sauce;34545; 4.4 ;6470; 3.6 ;138;Local;sirloin, tenderloin, rib eye;steak, cordon bleu;fish steak, grilled;no;chicken rice;sweet drinks;milkshakes, orange, iced tea, chocolate, lime, tea, mineral water;seafood;yes;no;no;no;no;no;no;no
9;Holycow! Menteng;Central Jakarta;Menteng;Gedung Sere Manis;Wagyu Rib Eye Ranger's Valley;199000; 4.3 ;1472; 3.7 ;325;Local Westerned;sirloin, tenderloin, rib eye, wagyu etc;steak;platters;fries;pasta;ice cream, cake, sweet drinks;sweet drinks, milo, non-alcohol beer, soft drink, mineral water;seafood;yes;no;yes;yes;no;yes;no;kids friendly
10;Holycow! Pecenongan;Central Jakarta;Pecenongan;Owned place;Australian Prime Tenderloin;133000; 4.5 ;2356; 4.0 ;115;Local Westerned;sirloin, tenderloin, rib eye, wagyu, hokubee;steak;salmon;no;meatballs, salmon, fries etc;gelato, cake, pancake;lime, soda, mango latte, milkshakes, matcha, cappucino, soft drink etc.;seafood;yes;no;no;yes;no;yes;no;no
11;Fiesta Steak;Central Jakarta;Thamrin;Grand Indonesia;Round Steak;49090; 4.3 ;91; 3.3 ;77;Local;sirloin, tenderloin, rib eye, wagyu;steak, grilled, fried;salmon, fish and chips;soup, pasta, salad, chicken pop;fries, rice plate;no;mineral water, soft drink, coffee, orange juice, milo, tea;seafood;yes;no;no;no;no;no;no;self service
12;Abuba Steak;Central Jakarta;Menteng;Owned place;Wagyu Rib Eye;235000; 4.4 ;3221; 3.5 ;183;Local Westerned;sirloin, tenderloin, rib eye, wagyu, t-bone;steak;salmon, gindara, dory;fries, pasta, salad;no;ice cream, pudding, cake;milkshakes, juice, mocktail, tea, soft drink, chocolate, mineral water;seafood, lamb;yes;yes;no;yes;no;yes;yes;kids menu
13;American Grill;Central Jakarta;Thamrin;Owned place;Filet Amigon TM & Steak;382000; 3.9 ;86; 3.2 ;106;American;ribs, rib eye, striploin, sirloin etc;yes, various chicken steak;calamari, salmon, platters;no;seafood steaks, fries etc;no;beer, wine, coffee, smooties, soft drink, mineral water, tea;seafood;no;no;no;no;wine, beer;yes;yes;buffet
14;Steak 21;Central Jakarta;Cempaka Putih;Green Pramuka Square;Prime Sirloin Original Regular 200gr;107000; 4.6 ;219; 3.4 ;40;Local Westerned;sirloin, tenderloin, wagyu;steak, grilled, crispy, cordon bleu;salmon, gindara, snapper, tuna;soup, salad, pasta;burger, fries, fried rice, seafood steaks;banana split, sweet drinks;coffee, tea, chocolate, juice, milkshakes, soda;seafood, lamb;yes;no;yes;yes;no;yes;yes;no
15;Bara Grill;Central Jakarta;Cempaka Putih;Owned place;Brisket 100gr;48000; 0.0 ;0; 3.2 ;16;Local;brisket, ribs, shank;yes;no;sausage platter;fries, colesaw;no;blackcurrant, tea, soft drink, mineral water;duck, lamb;yes;no;yes;yes;no;no;no;no
16;Terminal Steak & Cafe;Central Jakarta;Hayam Wuruk;Owned place;Sirloin Steak;65000; 4.2 ;74; 2.6 ;6;Local;sirloin, tenderloin, rib eye;steak, cordon bleu;salmon, tuna, gindara;spaghetti, burger, wedges;rice plate, seafood, fried rice etc;no;juice, milkshakes, coffee, tea;seafood, vegetables;yes;no;no;yes;no;yes;yes;no
17;The Holy Ribs;Central Jakarta;Sudirman;World Trade Center 6;Hokubee Sirloin 200gr;150000; 3.7 ;9; 3.0 ;18;Local Westerned;sirloin, tenderloin, rib eye, ribs, wagyu, hokubee, oz prime;steak;no;soups, sausage;fries;ice cream, brownies;tea, soda, soft drinks, mineral water, orange juice, milo;no;yes;no;no;no;no;no;no;no
18;Outback Steakhouse;Central Jakarta;Sudirman;Ratu Plaza;New York Strip;289000; 4.3 ;572; 4.2 ;227;Western;striploin, sirloin, tenderloin, rib eye, ribs, t-bone;grilled;fish and chips, dory, salmon;fries, soups, salad, pasta;seafood, burger, taco;cookie, pie, cake, special;beer, alcohol, cocktails, coffee, tea, smoothies, milkshakes, lemonade, soft drinks;no;yes;yes;no;no;beer;yes;yes;kids menu
19;La Posta;Central Jakarta;Sudirman;Owned place;Sirloin Strip;395000; 4.6 ;726; 4.5 ;224;Argentinian;sirloin, striploin, tenderloin, rib eye, flank etc;barbequed, fried;no;eggs, mushrooms, empanada, salad, traditional;fries;cake, biscuit, ice cream;beer, wine, alcohol, tea, coffee, soft drinks;pork;yes;yes;no;no;wine, beer;yes;yes;bar, delivery menu
20;D'Core;Central Jakarta;Sudirman;Wisma BNI 46;Sirloin Cheese Steak;140000; 4.1 ;11; 3.2 ;26;Local Westerned;rib eye, tenderloin, sirloin;various chicken dishes;fish and chips, snapper, dory;soup, omelette, fries, pasta;rice plate, fried rice, martabak;banana, ice cream, merah delima, sweet drinks;frappe, smooties, coffee, milkshakes;no;yes;yes;no;no;no;yes;yes;no
21;Benihana Japanese Steakhouse;Central Jakarta;Thamrin;Plaza Indonesia;Saikoro Tenderloin Steak;525000; 4.6 ;168; 4.3 ;242;Japanese;sirloin, tenderloin, rib eye, wagyu;teriyaki;mixed teppan, platter, lobster, scallop etc;soup, salad;sushi, sashimi, udon, fried rice etc;senzai, mochi, specials;alcohol, mocktails, juice, soda, soft drinks, mineral water, coffee, tea;vegetables, seafood, tofu;yes;yes;no;yes;vodka, rum tequila, gin, whiskey etc;yes;yes;teppanyaki
22;1/15 Coffee;Central Jakarta;Thamrin;Owned place;Braised Beef;180000; 4.5 ;2029; 4.4 ;602;Breakfast Cafe;rib eye;roasted;fish fritters;salad, pasta, egg, sausages;fries;acai, waffle, pudding, kaya, french toast etc;coffee, tea, juice, lime;pork, duck, seafood;yes;no;yes;yes;no;yes;no;kids friendly
23;Public Markette;Central Jakarta;Thamrin;Grand Indonesia;US Prime Sirloin Steak;375000; 4.5 ;1539; 4.2 ;1083;Breakfast Cafe;sirloin;satay, butter, barbeque;fish and chips;pasta, pizza, salad, nachos, soup, satay etc;rice plate, egg benedict;sweet drinks, smoothie bowl;beer, alcohol, juice, smootie, coffee, milkshakes, lemonade, tea, mineral water, soft drink;pork, seafood;yes;no;yes;no;margarita, vodka, rum, beer etc;yes;yes;brunch
24;Greyhound Cafe;Central Jakarta;Menteng;Owned place;Waterfall Sirloin on Hot Plate;245000; 4.5 ;937; 4.1 ;639;Fushioned;sirloin;fried, skewer, grilled, crispy, satay etc;salmon;pasta, salad, soup, fries etc;fried rice, rice plate, tomyum, fries etc;shaved ice, pannacotta, pudding, parfait etc;beer, wine, alcohol, coffee, tea, mineral water, chocolate, juice;pork, seafood;yes;yes;no;yes;cocktail, beer, wine, liquor etc;yes;yes;live entertainment
25;Caffe Milano;Central Jakarta;Thamrin;Grand Indonesia;Wagyu Beef Tagliata;380000; 4.5 ;1159; 4.4 ;710;Italian;sirloin, tenderloin, rib eye, wagyu;roasted, parmigiana;calamari, clam;salad, fries, pasta;pizza etc;gelato, cake, pannacotta, gelato parfait etc;beer, alcohol, yoghurt, smootie, milkshakes, tea, coffee;seafood, vegetables;yes;no;no;yes;cocktail, beer, liquor etc;yes;yes;no
26;Ninety Nine;Central Jakarta;Thamrin;Grand Indonesia;Australian Gras Fed Tenderloin 160gr;325000; 4.4 ;00.00; 4.2 ;655;Indonesian, Singaporean;sirloin, tenderloin, rib eye;pepes, grilled, parmigiana;fish and chips, barramundi, salmon;salad, humus, pasta, fries platter;bakmi, soto, hainanse etc;no;beer, wine, alcohol, coffee, tea, milkshakes, soft drink, juice;pork, seafood;yes;no;no;no;cocktail, beer, wine, sangria;yes;yes;no
27;Camden Bar;Central Jakarta;Cikini;Owned place;Wagyu Beef Sirloin Grade 5;260000; 4.4 ;3328; 4.1 ;437;Western;sirloin, tenderloin;grilled, fried;dory;soup, salad, pasta;pizza, burger, fillet, fries, indonesian etc;tiramisu, fudge, crepes;beer, wine, alcohol, chocolate, milk, coffee, tea, milkshakes, squash, juice;seafood;no;no;yes;yes;cocktail, beer, wine, rhum, liquor etc;yes;yes;bar
28;Rosso;Central Jakarta;Sudirman;Shangrila Hotel;Filetto di Manzo in Salsa Al Gorgonzola;490000; 4.5 ;109; 4.3 ;197;Italian;sirloin, tenderloin, rib eye;roasted;platters, salmon, tuna, lobster;risotto, soup, pasta;pizza;sorbet, gelato, traditional italian;wine, champagne, sparkling;foie gras, seafood, vegetables;no;no;no;no;wine, champagne, sparkling;yes;yes;bar, city view
29;Ocha & Bella;Central Jakarta;Menteng;Hotel Morrissey;La Spada ;460000; 4.5 ;1400; 4.0 ;492;Italian, Japanese;striploin, t-bone, ribs;katsu, fajitas;salmon, snapper, sea bass, tuna;salad, pasta, risotto, parmigiana etc;gyoza, sashimi, rice bowl, seafood, etc;sorbet, gelato, cake, ice cream;beer, wine, alcohol, smootie, herbal drink, tea;pork, seafood, vegetables;no;no;yes;yes;wine, cocktail, liquor, beer etc;yes;yes;bar, praying room
30;Angus House;Central Jakarta;Senayan;Plaza Senayan;Kobe Beef 200gr;1570000; 4.6 ;502; 4.2 ;133;Japanese;sirloin, tenderloin, rib eye, wagyu, kobe, US;no;platters, salmon, prawn, oyster;raw seafood, soup, salad, pasta;hamburg, grilled seafood;cake, crepes, fruit, ice cream;wine;seafood, lamb, foie gras;no;no;no;no;wine;yes;yes;no
31;Akira Watanabe;Central Jakarta;Senayan;Plaza Senayan;Porterhouse Steak Florentine Style;1200000; 4.5 ;607; 4.4 ;462;Japanese;sirloin, tenderloin, porterhouse;grilled;sea urchin, black cod, barramundi, red snapper, salmon;bruschetta, salad, fries, soup, pasta, risotto;pasta, pizza;pannacotta, gelato, cake;beer, alcohol, mocktail, smooties, soda;duck;no;no;no;no;beer, cocktail;yes;yes;private room, live entertainment
32;OSCAR;Central Jakarta;Thamrin;The Plaza Office Tower;Angus Rib Eye;480000; 4.5 ;444; 4.3 ;299;Western;rib eye;roasted;lobster, salmon, sea bass;seafood, pasta, soup;pasta, pizza;cake, pannacotta, ice cream, sorbet;sake, wine, alcohol, juice, soft drink, energy drink, coffee, tea, chocolate, mineral water;seafood, lamb, foie gras;yes;no;no;yes;wine, sake, whisky, cocktail, rum, vodka etc;no;yes;private room, valet parking
33;Open Restaurant;Central Jakarta;Cikini;Doubletree by Hilton Hotel;Tenderloin 200gr;359000; 4.4 ;395; 4.2 ;257;Fushioned;sirloin, tenderloin, rib eye;fried, roasted;salmon, sea bass;soup, salad, pasta;rice plate, fried rice, steamed rice, pizza, fries;cake, fruit;wine, mocktails, mineral water, coffee, chocolate, tea, soft drink, juice;no;yes;yes;no;yes;wine;yes;yes;private room, praying room, bar, buffet
34;Signatures Restaurant;Central Jakarta;Thamrin;Hotel Indonesia Kempinski;Grilled Steak Sandwich with Black Angus Tenderloin;235000; 4.5 ;380; 4.2 ;626;Fushioned;tenderloin, rib eye;grilled;salmon;salad;sandwich, burger, soup, noodle, pizza, pasta etc;fruit, cream brulee, pannacotta, ketan, fries etc;beer, alcohol, sparkling water, juice, soft drink, milkshakes, smooties, mocktails, tea, coffee;seafood, lamb;yes;yes;no;yes;cocktail, beer, whisky, malt, rum, tequila etc;yes;yes;breakfast, private room, kids friendly, buffet
35;SKYE;Central Jakarta;Thamrin;Grand Indonesia;USDA Prime Rib Eye Pepper Steak;220000; 4.6 ;4068; 4.3 ;2835;Western;sirloin, tenderloin, rib eye, tomahawk, wagyu, t-bone;roasted;salmon;soup, salad, pasta, selected, bun;macaroni, fries;cake, bombolini, cream brulee, special;wine, sparkling, alcohol, mint, mineral water, soft drink, coffee, tea;pork, seafood, lamb, duck, foie gras;no;no;yes;yes;cocktail;yes;yes;private room, valet parking, live entertainment, rooftop, city view
36;Alto Restaurant & Bar;Central Jakarta;Gatot Subroto;Four Seasons Hotel;Fileto Al Pepe 130gr;; 0.0 ;0; 4.3 ;158;Italian;sirloin, tenderloin, t-bone;no;salmon, sea bass, lobster;antipasti, soup, salad, pasta, risotto, bruschetta;bruschetta, cheese puffs, fries, lasagna, risotto;special;alcohol, juice, coffee, tea, mineral water;seafood;no;no;yes;no;sparkle, liquor, cocktail etc;yes;yes;private room, luxury dining
37;Indoguna Meat Shop;South Jakarta;Senopati;Owned place;Dry Aged Beef;125000; 4.6 ;1162; 4.0 ;82;Western;unspecific;grilled, roasted;calamari, dory;quesadila, nachos, soup, salad, pasta etc;burger, pizza;cake, toast;coffee, tea, mineral water, chocolate;seafood;yes;no;no;no;no;no;no;breakfast
38;Steak 21;South Jakarta;Lebak Bulus;Carefour Lebak Bulus;Prime Sirloin Regular;100000; 4.3 ;81; 3.0 ;26;Local Westerned;sirloin, tenderloin, wagyu;steak, grilled, crispy, cordon bleu;salmon, gindara, kakap, tuna;soup, salad, pasta;burger, fries, fried rice;banana split, sweet drinks;coffee, tea, chocolate, juice, milkshakes, soda;seafood, lamb;yes;no;no;no;no;no;yes;breakfast
39;Cafe de Paris;South Jakarta;Kebayoran Lama;Bellezza Shopping Arcade;Steak aus Champignons;98000; 4.0 ;19; 3.2 ;18;French;unspecific;parmigiana, cordon bleu;fish and chips, shrimp, squid, platter;soup, salad, pasta;sandwich, fries;banana, ice cream, crepes;beer, soft drink, mineral water, juice, chocolate, coffee, tea;seafood;yes;no;no;no;beer;yes;yes;breakfast
40;Cut & Grill;South Jakarta;Tebet;Owned place;Australian Wagyu Tomahawk;1800000; 4.6 ;1873; 4.6 ;1213;Western;tomahawk, sirloin, striploin, tenderloin, ribeye etc;grilled, stuffed;salmon, black cod, tuna;soup, salad, pasta, bruschetta, fries;kebab, burger;cake, pudding, pannacotta, crumble, cookie;mocktails, juice, mineral water, coffee, tea;seafood, vegetables;yes;yes;yes;yes;no;yes;yes;kids friendly, praying room, live entertainment, valet parking
41;Ruth's Chris Steakhouse;South Jakarta;Karet;Somerset Grand Citra;Petite Filet and Shrimp;770000; 4.6 ;992; 4.6 ;567;Western;filet, rib eye, tomahawk, t-bone;stuffed;shrimp, tuna, scallop, crab, oysters, lobsters;seafood, salad, soup;no;cake, pie, cream brulee, pudding, ice cream etc;beer, wine, alcohol, coffee, tea;seafood, lamb, vegetables;no;no;no;no;wine, beer;no;yes;luxury dining, private room
42;Meat Me Steak House & Butchery;South Jakarta;Kemang;Kemang Village;Beef Parmigiana;125000; 4.4 ;220; 4.1 ;227;Western;sirloin, tenderloin, rib eye, brisket;parmigiana;fish and chips, salmon;soup, pasta;fried rice, rice bowl, rice plate etc;no;beer, wine, juice, latte, mineral water, coffee, tea;seafood;yes;no;yes;yes;wine, beer;yes;yes;no
43;The Real Holysteak!;South Jakarta;Blok M;Blok M Plaza;Beef Ribs Lollipop;199000; 4.4 ;270; 4.3 ;201;Local Westerned;sirloin, tenderloin, rib eye, ribs, wagyu;yes;fish and chips, salmon;soup, pasta, spinach;burger, mac and cheese balls etc;pannacotta, banana fritters, cake;butterscotch, milkshakes, mocktails, coffee, tea;seafood, vegetables;yes;no;no;no;no;no;no;no
44;J Steak;South Jakarta;Blok M;Owned place;Meatville Australian PR Striploin (per gram);850; 4.4 ;156; 3.9 ;86;Western;striploin, sirloin, tenderloin, rib eye, wagyu, t-bone;no;no;no;rice, fries;ice cream;beer, ocha, mineral water, soft drink;no;no;no;no;no;beer;yes;yes;valet parking
45;Super Steak;South Jakarta;Blok M;Owned place;Steak Platter (Grilled Sirloin & Tomahawk);225000; 4.5 ;395; 4.1 ;131;Western;sirloin, tenderloin, rib eye, tomahawk;no;salmon, lobster, prawn;no;fries, salmon;no;beer, soft drink, mineral water, tea;seafood;yes;no;no;no;beer;yes;yes;costumized steak
46;Holy Smokes;South Jakarta;Senopati;Owned place;Southern Styles Beef Ribs Half Rack (2 sides);295000; 4.5 ;1516; 4.4 ;1445;Western;brisket, ribs, fillet, rib eye, porterhouse, wagyu;barbeque, fried;salmon;fries;burger, sandwich, fries, pork chop etc;pudding, bread, cake, tart, pannacotta;mineral water, soft drink, tea;pork, seafood;no;no;no;no;wine, beer;yes;yes;valet parking, praying room
47;Couz Steakhouse;South Jakarta;Cilandak;Owned place;Hickhory Back Ribs;155000; 4.7 ;236; 4.1 ;49;Western;sirloin, tenderloin, rib eye, ribs, tomahawk, mignon;roasted;no;salad, cognac de beouf;fries, spinach;brownies, crumble, crepes;milkshakes, squash, soft drink, mineral water, coffee, tea;vegetables;yes;no;no;no;no;yes;yes;no
48;Bistecca;South Jakarta;SCBD;18 Parc SCBD;New York Striploin 300gr;660000; 4.5 ;1058; 4.4 ;497;Western;striploin, tenderloin, rib eye, brisket;no;salmon, sea bass, crab, octopus;seafood, salad, pasta, tartare etc;salmon, fries etc;no;alcohol, mineral water, soda, soft drink, coffee, tea;pork, seafood, lamb;no;no;no;yes;liquor, cocktails, vodka, rum, whiskey etc;yes;yes;private room, bar
49;Holycow! Kemang;South Jakarta;Kemang;Owned place;Wagyu Tenderloin Ranger's Valley;224000; 4.3 ;935; 4.1 ;391;Local Westerned;sirloin, tenderloin, rib eye, wagyu etc;steak;platters;fries;pasta;ice cream, cake;sweet drinks, milo, non-alcohol beer, soft drink, mineral water;seafood;yes;no;no;no;no;yes;no;valet parking, kids friendly
50;Andakar;South Jakarta;Pasar Minggu;Owned place;Tenderloin;89500; 4.5 ;2456; 4.1 ;205;Local;sirloin, tenderloin, rib eye, ribs;steak, fried, filet;fish and chips, salmon, dory;lasagna, fries, nachos;burger, fries etc;ice cream;milkshakes, mineral water, squash, coffee, tea, juice, soft drink;seafood, lamb;yes;no;yes;yes;no;no;yes;no
51;Abuba Steak;South Jakarta;Fatmawati;Owned place;New Zealand T-Bone ;118000; 4.5 ;6577; 4.1 ;429;Local Westerned;sirloin, tenderloin, rib eye, wagyu, t-bone;steak;salmon, gindara, dory;fries, pasta, salad;no;ice cream, pudding, cake;milkshakes, juice, mocktail, tea, soft drink, chocolate, mineral water;seafood, lamb;yes;yes;no;yes;no;yes;yes;valet parking, praying room, kids friendly
52;Tony Roma's;South Jakarta;Gandaria;Gandaria City;The Original Baby Back Ribs Regular;420000; 4.3 ;349; 4.1 ;182;Western;ribs, striploin, rib eye;crispy tenderloins, steak, barbeque;platters, shrimp, salmon, fish fillet;soup, salad, quesadilas, fries etc;artichoke dip, mozarella stick, burger etc;ice cream, molten chocolate, special etc.;alcohol, coffee, tea, juice;pork, seafood;yes;no;no;no;liquor, rum, tequila, gin, vodka, whiskey etc;yes;yes;no
53;AGED+ Butchered Steakhouse;South Jakarta;Setiabudi;MD Place Building;Wagyu Riserva 9+ Picanha 100gr;320000; 4.8 ;996; 3.9 ;19;Japanese;sirloin, striploin, rib eye, t-bone, wagyu;no;scallop, lobster, salmon, crab, octopus;raw meat & seafood, salad, soup, fries;korean hotpot, vegetables;souffle, cream brulee, ice cream, special;wine, beer, alcohol;seafood;yes;no;no;no;wine, beer, spirit, sake;no;no;no
54;The Holy Ribs;South Jakarta;Karet;Ciputra World;Wagyu Back Ribs 4 Bones;299000; 4.4 ;546; 4.0 ;284;Western;sirloin, tenderloin, rib eye, wagyu, hokubee, oz prime;steak, roasted;no;soup;fries, sausages, spinach, green bean;no;tea, soda, soft drinks, mineral water, orange juice, milo;no;no;no;no;no;no;no;yes;no
55;Vins Steak;South Jakarta;Tebet;Owned place;Vins Aust Special;83500; 4.5 ;89; 3.7 ;9;Local;sirloin, tenderloin, rib eye, t-bone, australian, nz;steak;gindara;no;gindara, sausage;no;juice, soft drink, coffee, tea, mineral water;seafood, lamb;yes;no;no;no;no;no;yes;no
56;MUCCA Steak;South Jakarta;Setiabudi;Setiabudi One;AUS Tenderloin;178000; 4.3 ;261; 3.9 ;110;Western;tenderloin, sirloin, rib eye, wagyu;steak;dory, fish, salmon;wraps, salad, pasta;burger, nasi goreng, fries etc;ice cream, cake, french toast;beer, coffee, juice, iced tea;seafood;yes;no;no;no;beer;yes;yes;no
57;Lokananta;South Jakarta;Dharmawangsa;Owned place;Sirloin Double Mushroom;180000; 4.5 ;574; 3.8 ;164;Local Westerned;sirloin, tenderloin, rib eye;steak, teriyaki, katsu;salmon;soup, pasta, salad, fries, sausages;burger, sandwich, rice plate, fried rice etc;toast, pancake, ice cream;mocktails, juice, smooties, soft drink, mineral water, coffee, tea;seafood;yes;no;yes;no;no;yes;yes;no
58;Volare;South Jakarta;Fatmawati;Cilandak Town Square;Filetto Al Pepe Verde;295000; 4.0 ;38; 3.9 ;87;Italian;tomahawk, t-bone, sirloin, tenderloin, rib eye, wagyu etc;parmigiana, cordon bleu, fillet, roasted;barramundi, salmon, gindara, octopus;salad, soup, pasta, pizza, risotto, bruschetta etc;fries;nutella pizza, pannacotta, cream brulee, tiramisu etc;beer, alcohol, milkshakes, chocolate, juice, coconut water, mineral water, soft drink, coffee, tea;seafood;yes;no;yes;yes;beer, cocktail;yes;yes;corkage fee
59;Gandy Steak House;South Jakarta;Pondok Indah;Apartemen Pondok Indah Golf;Grilled Australian Tenderloin;191000; 4.5 ;315; 3.3 ;49;Western;sirloin, tenderloin, rib eye, ribs;steak, schnitzel, cordon bleu etc;salmon, fish, prawn, platter, fish and chips;soup, salad, pasta, garlic bread, quesadilas;sandwich, schnitzel, burger, fries etc;ice cream, gelato;beer, wine, alcohol, coffee, iced coffee, iced tea, juice, milkshakes, water, mocktails;seafood, lamb;no;no;no;no;beer, cocktail;yes;yes;no
60;Stallo Steak & Spaghetti;South Jakarta;Fatmawati;Owned place;Sirloin Double;22000; 4.5 ;791; 3.5 ;28;Local;sirloin, tenderloin;steak, fried;tuna, sea bass, squid;pasta;fries, fried rice, rice plate etc;sweet drinks;float, soft drink, orange, coffee, tea, milkshakes, juice;no;yes;no;no;no;no;no;no;no
61;Fiesta Steak;South Jakarta;Kuningan;Mall Ambassador;Wagyutaki Steak;123636; 3.7 ;16; 3.1 ;35;Local;sirloin, tenderloin, rib eye, wagyu;steak, grilled, fried;salmon;soup, pasta, salad, chicken pop;fish and chips, salmon, fries, rice plate;no;mineral water, soft drink, coffee, orange juice, milo, tea;seafood;yes;no;no;no;no;no;no;no
62;ABI Steak;South Jakarta;Jagakarsa;Owned place;Tenderloin Lokal Besar;62000; 4.4 ;345; 3.0 ;22;Local;sirloin, tenderloin, rib eye, t-bone, australian;steak, barbeque;tuna;no;tuna, fries, sausage, rice plate;toast, banana;blend milk, orange, coffee, tea;seafood;yes;no;no;no;no;yes;yes;no
63;Wolfgang's Steakhouse;South Jakarta;SCBD;Elysee Building;Porterhouse for Two;1950000; 4.5 ;519; 3.3 ;80;Western;sirloin, rib eye, mignon, porterhouse, tomahawk;parmigiana;sea bass, salmon, tuna, lobster;seafood, soup, salad, pasta;fries, burger, sandwich;cake, cream brulee, pie, ice cream;coffee, tea;seafood, lamb;yes;no;yes;yes;no;no;yes;private room
64;Madgrill Steak;South Jakarta;Kalibata;Kalibata City Square;Black Angus Sirloin;92000; 3.0 ;3; 2.6 ;5;Local;sirloin, tenderloin, ribs, australian, wagyu;steak;salmon;pasta;fries, salmon;no;mineral water, orange, milo, soft drink, tea;seafood;yes;no;no;no;no;yes;no;no
65;El Asador;South Jakarta;Kemang;Kemang Point Building;Bifes Con Cebolla;190000; 4.5 ;1000; 4.3 ;402;Mexican;sirloin, tenderloin, rib eye;pan-fried, schnitzel;no;nachos, quesadilas, empanada, fries, pasta, salad etc;savory crepes;ice cream, cake, waffle;coffee, tea, mocktails, juice, smoothies, milkshakess, lemonade, soft drinks, mineral water;seafood;no;yes;yes;yes;no;yes;yes;buffet, bar, kids friendly
66;Outback Steakhouse;South Jakarta;Kuningan;Kuningan City;Outback Special 6oz;239900; 4.2 ;942; 4.0 ;305;Western;striploin, sirloin, tenderloin, rib eye, ribs, t-bone;grilled;fish and chips, dory, salmon;fries, soups, salad, pasta;seafood, burger, taco;cookie, pie, cake, special;beer, alcohol, cocktails, coffee, tea, smoothies, milkshakes, lemonade, soft drinks;no;no;no;no;yes;cocktail, margarita, martini, mojito, beer etc;yes;yes;no
67;Tokyo Skipjack;South Jakarta;Blok M;Owned place;USDA Choice Beef Striploin 300gr;235000; 4.6 ;3645; 4.5 ;1299;Japanese;striploin, tenderloin, t-bone, rib eye, australian, US, NZ etc;katsu, teriyaki, grilled;salmon, tuna;salad, fries;sate;no;alcohol, milkshakes, soft drink, coffee, tea;seafood;yes;no;yes;yes;beer;yes;yes;valet parking
68;Soeryo Cafe & Steak;South Jakarta;Pasar Minggu;Graha Mobisel;Tenderloin Mushroom Steak;119500; 0.0 ;0; 4.5 ;523;Local Westerned;sirloin, tenderloin;steak, barbeque, mushroom, cordon bleu;fish and chips, salmon, dory;kebab, fries, dimsum, pasta, soup, salad;pizza, burger, sandwich, omelette etc;banana, ice cream, cream brulee;mocktails, juice, milkshakes, coffee, tea, mineral water, soft drinks;seafood, vegetables;yes;no;yes;yes;no;yes;yes;private dining, praying room
69;Kedai Tiga Jari;South Jakarta;Bintaro;Owned place;Sirloin Australian 180gr;95454; 4.5 ;620; 2.9 ;12;Local;sirloin;steak, katsu;fish and chips;fries;pasta, rice plate, rice bowl;toast, marjam, sweet drinks;juice, milk, orange, tea;seafood;yes;no;yes;no;no;no;no;no
70;VIN+ Wine & Beyond;South Jakarta;Kemang;Owned place;Beef Sirloin Marsala Sauce;190000; 4.6 ;1510; 4.2 ;214;Fushioned;sirloin, tenderloin, ribs, stroganoff;roasted;fish and chips, barramundi, tuna, prawn, salmon etc;salad, eggs, wraps, croissant, pasta;sandwich, burger, rice plate etc;cake, fruit, pannacotta, pudding;beer, alcohol, mineral water, soft drinks, mocktails, juice, coffee, tea, smooties, chocolate;seafood;yes;no;no;no;beer, liquor, cocktail;yes;yes;nightlife
71;Ebeya Steakhouse;South Jakarta;SCBD;The Ritz Carlton;A5 Level Prime Wagyu Sirloin Steak;1200000; 4.6 ;162; 4.2 ;91;Japanese;sirloin, tenderloin, wagyu;no;sea urchin, white fish;sashimi, soup, salad, pasta;rice plate, fried rice, seafood steaks;today's dessert;wine, beer, coffee, tea;seafood;yes;no;no;no;wine, beer, champagne;yes;yes;course package, luxury dining
72;Iga Ku;South Jakarta;Manggarai;Owned place;Steak Lidah;58000; 4.5 ;526; 3.7 ;68;Local;sirloin, tenderloin, ribs;steak, rosemary;fish and chips, tuna;no;fries, rice bowl, rice plate, pasta etc;no;ice blended, juice, healthy drink, coffee, tea;seafood;yes;no;no;no;no;no;no;no
73;Roellie's;South Jakarta;Pasar Minggu;TB Simatupang;Sirloin Steak;95500; 0.0 ;0; 3.0 ;8;Local;sirloin, tenderloin;steak, grilled, fried;no;fries, soup, salad, pasta;sop buntut, rawon;ice cream, sweet drinks;float, juice, smooties;duck;yes;no;no;no;no;no;yes;no
74;Animale Restaurant;South Jakarta;Setiabudi;MD Place Building;30 Days NY Strip;695000; 4.6 ;352; 4.3 ;147;Western;sirloin, rib eye, rib cap, tomahawk, wagyu, australian;roasted;scallop, lobster, shrimp, crab, calamari, salmon, barramundi etc;hummus, vegetables;bone marrow, bread;cake, tart, pudding, special;beer;pork, vegetables, seafood, rabbit;yes;no;no;no;beer;no;yes;no
75;Cork & Screw;South Jakarta;SCBD;Pacific Place;AUS Chateaubriand;290000; 4.5 ;1450; 4.4 ;424;Western;tenderloin, striploin, chateaubriand;grilled, pan-seared;dory, salmon;soup, salad, puff pastry, tapas, pasta;fried rice, rice plate, steamed rice;cake, tart, churros, waffle, crumble;wine, champagne, alcohol, specials, juice, coffee, tea, mineral water, soft drink;seafood, duck, lamb;yes;no;no;no;wine, champagne, sparkling;yes;yes;luxury dining, nightlife
76;Odysseia;South Jakarta;SCBD;Pacific Place;Aussie Lamb Chop;288000; 4.4 ;1362; 4.0 ;1015;Western;tenderloin, striploin, rib eye, ribs;parmigiana, katsu, grilled;barramundi, salmon, black cod, fish and chips;fries;rice plate, sandwich, burger, pasta, pizza etc;cake, pudding;alcohol, mocktails, soft drinks, juice, healthy, coffee, tea, squash, chocolate;seafood, lamb;yes;no;yes;yes;cocktail;yes;yes;bar
77;Liberte;South Jakarta;SCBD;Pacific Place;Premium T-Bone;169000; 4.6 ;415; 3.9 ;157;Italian;tenderloin, striploin, rib eye, tomahawk, t-bone;roasted, cordon bleu, parmigiana;lobster, fish and chips, salmon, baramundi, gindara, dory;cheese, buratta, meatball, fries, soup, salad, pasta etc;pizza, fries, croissant;pizza, pannacotta, cake, cream brulee, calzone;beer, wine, alcohol, chocolate, juice, smootie, mocktails, soft drinks, mineral water, coffee, tea;seafood, lamb;yes;yes;no;no;beer, cocktail, liquor, wine;yes;yes;corkage fee
78;Carbon;South Jakarta;Setiabudi;MD Place Building;Denver Steak 200gr;295000; 4.7 ;159; 4.3 ;6;Mexican;sirloin, mignon, wagyu;roasted;salmon, lobster;soup, seafood, quesadillas, taco;fries, fried rice, pasta, chips, sashimi etc;cake, churros, sorbet, fruit salad, tart, cream brulee;beer, wine, alcohol;seafood, duck, vegetables;yes;yes;no;yes;wine, beer, mojito, margaritas, sangrias;yes;yes;private room
79;Bakerzin;South Jakarta;Senayan;Plaza Senayan;The Middleweight;188000; 4.3 ;616; 4.2 ;547;Western;sirloin, rib eye;roasted, grilled;salmon, dory, barramundi ;soup, salad, fries, quesadilas, nachos, bread;burger, sandwich, pasta, rice plate, steamed rice etc;cake, souffle, pannacotta, smootie, pancake, cream brulee etc;smootie, lemonade, ice blended, coffee, tea, soft drink, mineral water;seafood, duck;yes;yes;no;no;no;yes;yes;no
80;The Brotherhood;South Jakarta;Senopati;Owned place;T-Bone Steak;880000; 4.5 ;321; 4.0 ;137;Western;sirloin, tenderloin, tomahawk, t-bone, brisket;no;squid, fish and chips;fries, meatball;burger, meatball, stew;crepes, churros;alcohol, coffee, tea, juice, mocktails, mineral water, soft drink;pork, seafood, lamb;yes;no;no;yes;cocktail, whiskey, cigar, rum, liquor etc;yes;yes;private room, live music, live entertainment
81;Yawara;South Jakarta;Senopati;Owned place;Prime Kuroge Chateaubriand;980000; 4.6 ;473; 4.2 ;168;Japanese;sirloin, tenderloin, ribs, tongue, wagyu;no;salmon, prawn, scallop, white fish, lobster, squid, abalone;salad, kimchi, jijimi, sushi, sashimi;rice plate, steamed rice, soup, udon, bibimyeon;ice cream, fruit, sorbet;sake, beer, wine, alcohol, ocha, juice, coffee, tea, soft drink, mineral water;seafood;yes;no;no;no;beer;no;yes;private room
82;Queen's Head;South Jakarta;Kemang;Owned place;Braised Beef Pie and Chips;140000; 4.4 ;716; 4.1 ;240;British;tenderloin, rib eye, ribs;roasted;salmon, barramundi, prawn, fish and chips;soup, salad, pasta, bread, fries;rice plate, fries etc;cake, tart, pudding, pannacotta;beer, wine, alcohol, juice, chocolate, milk, soft drink, mineral water, coffee, tea;seafood;yes;no;yes;yes;wine, beer liquor, sparkle;yes;yes;kids menu, bar
83;Hurricane's Grill;South Jakarta;Senopati;Owned place;Signature Beef Ribs Half Rack;368000; 4.4 ;1470; 4.3 ;502;Western;sirloin, tenderloin, rib eye, ribs, chaeaubriand, tomahawk;grilled;salmon, barramundi, fish and chips;soup, salad, garlic bread, garlic mushroom, fries etc;sandwich, pasta, croissant, bennedict;ice cream, cake, toast, sandwich;wine, champagne, alcohol, milkshakess, smooties, juice, mineral water, coffee, tea;pork, seafood, lamb;no;no;no;yes;wine, cocktail, champagne, cocktail, liquor;yes;yes;private room, live entertainment, bar
84;Sumibi;South Jakarta;Gandaria;1 Park Residences;Australian Wagyu T-Bone Steak;460000; 4.7 ;1046; 4.6 ;609;Japanese;t-bone, wagyu;no;tuna, saba, salmon, squid, lobster;salad, sashimi, fries, gyoza, nuts, shime saba etc;sushi, bao, sandwich, okonomiyaki, noodle etc;no;sake, soju, beer, alcohol, soft drink, mineral water, squash, ocha;seafood;yes;no;yes;yes;beer, liquor, sake, soju;no;yes;private room
85;William's;South Jakarta;SCBD;Owned place;M9 J'S Wagyu Striploin 200gr;; 4.5 ;1256; 4.2 ;477;Western;striploin, tenderloin;fried;salmon, barramundi, platter;salad, fries;ramen, rice plate;cake, tart, pofferjes, special;alcohol, traditional, mocktails, cocktails, coffee, tea, mineral water;seafood, duck;yes;yes;yes;yes;cocktail, liquor;yes;yes;private room, valet parking, bar
86;Lobbyn Sky Terrace;South Jakarta;Kemang;Liberta Hotel;Beef Stroganof;120000; 4.4 ;424; 3.7 ;292;Local Westerned;sirloin, tenderloin, rib eye;roasted, cordon bleu;salmon, fish and chips, platter;soup, salad, fries, quesadilas;pizza, sandwich, burger, pasta, fried rice, rice plate etc;no;beer, wine, alcohol, mocktail, milk, juice, mineral water, coffee, tea;seafood;yes;no;yes;yes;wine, beer, cocktail, liquor;yes;yes;live entertainment
87;Bottega Ristorante;South Jakarta;SCBD;Fairgrounds;Porcini Coffee Rubbed Steak;295000; 4.4 ;886; 4.2 ;1419;Western;sirloin, striploin;parmigiana;salmon, fish and chips;soup, salad, fries, quesadilas;fried rice, pasta, risotto, pizza, sandwich, burger;ice cream, cake, pizza;alcohol, juice, squash, mineral water, coffee, tea;seafood;no;yes;yes;yes;cocktail;yes;yes;live entertainment, bar
88;Amano Steakhouse;West Jakarta;Gajah Mada;Grand Paragon Mall;Crispy Breaded Chicken Steak;80000; 4.3 ;60; 3.4 ;50;Local;sirloin, tenderloin, rib eye;steak, katsu, curry;dory, fish;soup, salad, pasta, garlic bread, chicken wings;fries, fried rice, rice plate etc;mantau, smores, pannacotta, ice cream etc;juice, fizz, soft drink, mineral water, coffee, tea;seafood;yes;no;no;yes;no;yes;yes;kids friendly
89;B'Steak Grill & Pancake;West Jakarta;Green Ville;Owned place;Wagyu Brisket 200gr;285500; 4.6 ;2088; 4.5 ;530;Western;brisket, tenderloin, striploin, rib eye, mignon, ribs, tomahawk, t-bone;grilled, schnitzel, cordon bleu, steak, florentine etc;fish and chips, dory, salmon, snapper;fries, soup, salad, taco, quesadilas;sausage, omelette, burger, pasta, pie etc;pancake, ice cream, banana, toast, sweet drinks;beer, juice, milkshakes, mocktail, coffee, tea;seafood, lamb;yes;yes;no;yes;beer;yes;no;private dining, praying room
90;Barapi Meat and Grill;West Jakarta;Palmerah;Owned place;Prime Rib Eye 200gr;89000; 4.4 ;908; 4.1 ;163;Local;striploin, rib eye;grilled, crispy;no;no;pasta, hotdog, burger, sausages, rice plate;no;milo, soft drink, coffee, tea;no;yes;yes;yes;yes;no;no;yes;live entertainment
91;Steak 21;West Jakarta;Tanjung Duren;Central Park;Sirloin Wagyu 200gr;270000; 4.6 ;1045; 4.4 ;315;Local Westerned;sirloin, tenderloin, wagyu;steak, grilled, crispy, cordon bleu;salmon, gindara, snapper, tuna;soup, salad, pasta;burger, fries, fried rice, seafood steaks;banana split, sweet drinks;coffee, tea, chocolate, juice, milkshakes, soda;seafood, lamb;no;no;no;no;no;yes;no;buffet
92;Meat Me Cafe & Butchery;West Jakarta;Kota;Owned place;Angus Sirloin 150gr + Chicken Steak;115000; 4.3 ;159; 3.6 ;65;Local Westerned;sirloin, tenderloin, rib eye, brisket;parmigiana;fish and chips, salmon;salad, nachos, fries, soup, pasta;fried rice, rice bowl, rice plate etc;no;juice, latte, mineral water, coffee, tea;seafood, duck;yes;no;no;no;beer;yes;yes;no
93;Holycow! Puri Indah;West Jakarta;Puri Indah;Lippo Mall Puri St. Moritz;Tokusen Wagyu Rib Eye;139000; 4.4 ;125; 4.0 ;283;Local Westerned;sirloin, tenderloin, rib eye, wagyu etc;steak;platters;fries;pasta;ice cream, cake, sweet drinks;sweet drinks, milo, non-alcohol beer, soft drink, mineral water;seafood;yes;no;no;no;no;yes;no;breakfast, kids friendly
94;Fiesta Steak;West Jakarta;Tanjung Duren;Mall Taman Anggrek;Jujuyaki Steak;52727; 3.5 ;22; 3.4 ;75;Local;sirloin, tenderloin, rib eye, wagyu;steak, grilled, fried;salmon;soup, pasta, salad, chicken pop;fish and chips, salmon, fries, rice plate;no;mineral water, soft drink, coffee, orange juice, milo, tea;seafood;no;no;no;no;no;no;yes;no
95;Warung Steak 76;West Jakarta;Palmerah;Owned place;Steak Combo Jumbo Keju Mayonaise;35000; 4.4 ;404; 3.5 ;95;Local;sirloin, tenderloin, grounded;steak, cordon bleu;dory;no;sausage, seafood, rice plate, kway teow etc;no;juice, soft drink, coffee, tea, mineral water;seafood;yes;no;no;no;no;no;no;no
96;American Grill;West Jakarta;Roxy;Owned place;Filet Amignon & Malibu Chicken;325000; 3.5 ;83; 2.7 ;23;Western;ribs, rib eye, striploin, sirloin etc;yes, various chicken steak;calamari, salmon, platters;no;seafood steaks, fries etc;no;beer, wine, coffee, smooties, soft drink, mineral water, tea;seafood;yes;no;no;no;wine, beer;yes;yes;breakfast
97;Wb. Steak;West Jakarta;Daan Mogot;Mall Matahari;WB Steak Tokusen Rib Eye 160gr;95000; 4.3 ;146; 3.8 ;54;Local;sirloin, tenderloin, rib eye;steak, grilled, cordon bleu;dory, salmon;garlic bread, fries, pasta;rice plate, fried rice;ice cream;lemon, orange, juice, coffee, tea;seafood;yes;no;no;no;no;yes;yes;no
98;D'Core;West Jakarta;Slipi;Menara Citicon;Norwegian Salmon Steak;140000; 4.3 ;38; 3.1 ;4;Local Westerned;sirloin, tenderloin, ribs;barbeque, cordon bleu;fish and chips;soup, salad, fries;omelette, noodle, rice plate, fried rice;toast, banana, sweet drinks;frappe, smooties, coffee, milkshakes;seafood;yes;no;no;no;no;yes;yes;no
99;Maison Tatsuya;West Jakarta;Tanjung Duren;Central Park;Tatsuya Course;458000; 4.5 ;308; 4.3 ;208;Japanese;sirloin, tenderloin, rib eye, wagyu;grilled;salmon, cuttle fish, prawn;fried rice, miso soup;no;ice cream;beer, mocktail, juice, mineral water, soft drink, ocha, tea;seafood, vegetables, tofu;yes;no;no;no;beer;no;yes;teppanyaki
100;Abuba Steak;West Jakarta;Cengkareng;Ruko Citra Garden 6;Salmon Steak;98000; 4.3 ;1137; 4.1 ;266;Local Westerned;sirloin, tenderloin, rib eye, wagyu, t-bone;steak;salmon, gindara, dory;fries, pasta, salad;no;ice cream, pudding, cake;milkshakes, juice, mocktail, tea, soft drink, chocolate, mineral water;seafood, lamb;yes;yes;no;no;no;no;no;no
101;Tamani Cafe;West Jakarta;Cengkareng;Ciffest;Wagyu Minute Steak;124000; 4.4 ;605; 3.5 ;42;Local Westerned;sirloin, tenderloin, wagyu;steak, crispy, picatta, cordon bleu, mushroom;salmon, dory, prawn, fish and chips;soup, salad, fries;rice plate, fried rice, steamed rice, noodle etc;ice cream, cake, es doger, pudding, sweet drinks;frappe, chocolate, coffee, tea;seafood;yes;yes;no;yes;no;yes;yes;no
102;Holycow! Kebon Jeruk;West Jakarta;Kebon Jeruk;Owned place;Buddy's Special;99000; 4.6 ;4091; 4.5 ;510;Local Westerned;sirloin, tenderloin, rib eye, wagyu, hokubee;steak;salmon;no;meatballs, salmon, fries etc;gelato, cake, pancake;lime, soda, mango latte, milkshakes, matcha, cappucino, soft drink etc.;seafood;no;no;yes;yes;no;yes;yes;no
103;Meaters Steak & Ribs;West Jakarta;Cengkareng;Ruko Citra Garden 6;Honey Baby Back Ribs Large;149000; 4.4 ;563; 4.1 ;238;Local;sirloin, tenderloin, ribs, wagyu;steak, grilled, honey, teriyaki;fish and chips;nachos, fries;knuckle, pasta, fries;no;beer, milkshakes, juice, orange, soft drink, mineral water, chocolate, tea;pork, seafood;yes;no;yes;no;beer;yes;yes;no
104;Djakarta's Steak;West Jakarta;Tanjung Duren;Owned place;Triple Sirloin;25000; 4.2 ;1912; 3.6 ;255;Local;sirloin, tenderloin, rib eye, ribs;steak, schnitzel;dory, snapper, marlin, tuna, gindara, salmon;fries, garlic bread, sandwich;pasta, fried rice;sweet drinks;mocktail, juice, milkshakes, pitcher, mineral water, soft drink, coffee, tea;seafood;yes;no;no;yes;no;yes;yes;no
105;Gandy Steak House;West Jakarta;Green Ville;Ruko Green Garden;Grilled Australian Lamb Leg;129000; 0.0 ;0; 3.3 ;68;Western;sirloin, tenderloin, rib eye, ribs;steak, schnitzel, cordon bleu etc;salmon, fish, prawn, platter, fish and chips;soup, salad, pasta, garlic bread, quesadilas;sandwich, schnitzel, burger, fries etc;ice cream, gelato;beer, wine, alcohol, coffee, iced coffee, iced tea, juice, milkshakes, water, mocktails;seafood, lamb;no;no;no;no;cocktail, wine, beer;yes;yes;no
106;Dunia Steak;West Jakarta;Grogol;Owned place;DS Steak Platter;63500; 4.3 ;1093; 2.9 ;49;Local;sirloin, tenderloin, rib eye;steak, cordon bleu, parmigiana, wings;dory, tuna;salad;pasta, noodle, fried rice, fries;sweet drinks;juice, float, coffee, tea;seafood;yes;yes;no;no;no;yes;no;no
107;Obonk Steak & Ribs;West Jakarta;Palmerah;Owned place;Chicken Cheese HP;35000; 4.3 ;956; 2.8 ;43;Local;sirloin, tenderloin, ribs, t-bone;steak, grilled, barbeque;calamary;no;fries, pasta;sweet drinks;juice, float, milkshakes, coffee, tea;seafood;yes;no;no;no;no;yes;no;no
108;Waroeng Steak & Shake;West Jakarta;Grogol;Owned place;Rib Eye New Zealand;80000; 4.2 ;5094; 2.4 ;159;Local;sirloin, tenderloin, rib eye;steak, cordon bleu;fish steak, grilled;no;chicken rice;sweet drinks;milkshakes, orange, iced tea, chocolate, lime, tea, mineral water;seafood;yes;no;yes;no;no;yes;no;no
109;SOULSPIN;West Jakarta;Cengkareng;Owned place;Full Rack BBQ Baby Back Ribs;389000; 4.5 ;286; 3.9 ;62;Western;sirloin, striploin, tenderloin, rib eye, ribs, t-bone;fries;salmon, fish and chips;pasta;fries, rice plate, fried rice, pasta;ice cream, crepes, waffle, sweet drinks;soju, beer, wine, alcohol, smooties, frappe, coffee, tea;seafood, pork;yes;yes;no;yes;wine, beer, sprits, soju, liquor etc;yes;yes;private room, live entertainment, bar
110;Pepperloin Steakhouse;North Jakarta;Pantai Indah Kapuk;Ruko The Metro;Sanchoku Wagyu Rib Eye 200gr;210000; 4.5 ;554; 4.2 ;259;Japanese;sirloin, tenderloin, rib eye, wagyu, hokubee;steak, wings;salmon;fries;pasta, garlic bread;ice cream;soft drink, coffee, tea, mineral water;seafood;yes;no;no;no;no;yes;yes;no
111;Holycow! Pantai Indah Kapuk;North Jakarta;Pantai Indah Kapuk;Ruko Gold Coast;Australian Prime Big Bite Sirloin;170000; 4.5 ;1098; 4.2 ;181;Local Westerned;sirloin, tenderloin, rib eye, wagyu, hokubee;steak;salmon;no;meatballs, salmon, fries etc;gelato, cake, pancake;lime, soda, mango latte, milkshakes, matcha, cappucino, soft drink etc.;seafood;yes;no;no;no;no;yes;yes;no
112;Street Steak;North Jakarta;Kelapa Gading;Owned place;Park Lane Steak 200gr;129000; 4.5 ;985; 4.5 ;934;Western;sirloin, tenderloin, rib eye, wagyu, tomahawk;schnitzel, grilled, cordon bleu;salon, dory, fish and chips;salad, fries, pasta;no;ice cream, banana;mocktails, milo, float, juice, tea;seafood;yes;no;no;no;no;yes;no;private room, prayer room
113;B'Steak Grill & Pancake;North Jakarta;Kelapa Gading;Mall Artha Gading;Victorian Tenderloin;268500; 4.6 ;1148; 4.3 ;263;Western;brisket, tenderloin, striploin, rib eye, mignon, ribs, tomahawk, t-bone;grilled, schnitzel, cordon bleu, steak, florentine etc;fish and chips, dory, salmon, snapper;fries, soup, salad, taco, quesadilas;sausage, omelette, burger, pasta, pie etc;pancake, ice cream, banana, toast, sweet drinks;beer, juice, milkshakes, mocktail, coffee, tea;seafood, lamb;yes;yes;no;no;beer;yes;yes;no
114;Meaters Steak & Ribs;North Jakarta;Pantai Indah Kapuk;Ruko Elang Laut;Honey Baby Back Ribs Regular;79000; 4.3 ;505; 4.1 ;239;Local;sirloin, tenderloin, ribs, wagyu;steak, grilled, honey, teriyaki;fish and chips;nachos, fries;knuckle, pasta, fries;no;beer, milkshakes, juice, orange, soft drink, mineral water, chocolate, tea;pork, seafood;yes;no;no;no;beer;yes;yes;no
115;Warung Wagyu;North Jakarta;Sunter;Food Market Sunter;Rib Eye Australia;95000; 4.5 ;108; 3.7 ;24;Local;sirloin, tenderloin, rib eye;karaage, schnitzel, geprek;no;no;rice bowl;no;badak;no;yes;yes;no;yes;no;yes;no;live entertainment
116;Joni Steak;North Jakarta;Kelapa Gading;Owned place;Secondary Cut Wagyu 200gr;90000; 4.5 ;3102; 3.9 ;231;Local;sirloin, rib eye, wagyu;steak, schnitzel, burger, cordon bleu etc;prawn, salmon, fish and chips;pasta;pizza, fries;banana split, cream brulee;milkshakes, squash, coconut, cocktail, juice, iced coffee, blackcurrant, tea, lemon, tebu;seafood;yes;no;yes;no;no;no;yes;no
117;BarBarRibs;North Jakarta;Kelapa Gading;Mahaka Square;Volcano and The Ring of Fire;299000; 4.4 ;86; 3.8 ;43;Western;ribs;lolypops;no;salad, fries, pasta;burger, taco, pasta, knuckle etc;sweet drinks, dessert of the day;beer, frappe, latte, chocolate, coffee, tea;pork;yes;no;no;no;beer;no;yes;kids friendly
118;Alter Five Beer & Restaurant;North Jakarta;Mangga Dua;Mangga Dua Square;Wagyu Rib Eye Steak;330000; 5.0 ;6; 3.7 ;14;Western;sirloin, tenderloin, rib eye, wagyu, wellington;roasted, cordon bleu, wings, stuffed, piccata etc;dory, salmon;no;fried rice, fries, hamburg etc;cheese tart, apple pie;beer;seafood, lamb;yes;no;yes;yes;beer;yes;yes;no
119;Abuba Steak;North Jakarta;Kelapa Gading;Owned place;New Zealand Lamb Chop;95000; 4.4 ;2666; 3.9 ;275;Local Westerned;sirloin, tenderloin, rib eye, wagyu, t-bone;steak;salmon, gindara, dory;fries, pasta, salad;no;ice cream, pudding, cake;milkshakes, juice, mocktail, tea, soft drink, chocolate, mineral water;seafood, lamb;no;yes;yes;no;no;yes;yes;no
120;Kapten Steak;North Jakarta;Sunter;Ruko Taman Nyiur;Kolonel Burger Steak;68000; 4.3 ;626; 3.8 ;117;Local;sirloin, tenderloin, rib eye;steak, spiral, katsu, grilled, teriyaki, cordon bleu;salmon, gindara, fish and chips;salad, shumai, rujak, nachos, croissant, fries;rice plate, fried rice, beehoon, pasta, sandwich;ice cream, sweet drinks;beer, chocolate, soft drinks, squash;seafood, lamb;no;no;yes;no;beer;yes;yes;no
121;Steak 21 Buffet;North Jakarta;Kelapa Gading;Mall Kelapa Gading;Paket C Supreme;368000; 4.2 ;45; 3.7 ;10;Western;sirloin, tenderloin, rib eye, ribs, tongue;steak;salmon, shrimp;no;no;no;milo, soft drink, coffee, tea;seafood, lamb;no;no;no;no;no;no;yes;buffet
122;Aya Steak;North Jakarta;Sunter;Owned place;Rib Eye Large;50000; 4.3 ;485; 3.4 ;19;Local;sirloin, tenderloin, rib eye;steak;salmon, fish and chips;pasta;rice plate, burger, chicken wings, fries etc;es sop buah, es kacang merah, es jelly;juice, squash, coffee, tea, mineral water, aloe vera;seafood, lamb;yes;yes;no;no;no;no;yes;no
123;Steak Gunting;North Jakarta;Pantai Indah Kapuk;Ruko Cordoba;Wagyu OZ;199000; 4.4 ;1153; 3.5 ;305;Local Westerned;sirloin, rib eye, wagyu;steak;dory fish and chips;no;shumai;no;smooties, juice, soft drink, mineral water, coffee, tea;seafood;yes;yes;no;no;no;no;yes;no
124;Fiesta Steak;North Jakarta;Penjaringan;Emporium Pluit Mall;Sheriff Steak;95454; 3.8 ;24; 2.9 ;10;Local;sirloin, tenderloin, rib eye, wagyu;steak, grilled, fried;salmon;soup, pasta, salad, chicken pop;fish and chips, salmon, fries, rice plate;no;mineral water, soft drink, coffee, orange juice, milo, tea;seafood;yes;no;no;no;no;no;no;no
125;Good Friend;North Jakarta;Sunter;Ruko Plaza Sunter Terrace;Norwegian Salmon Grill;158000; 4.4 ;122; 3.4 ;17;Local Westerned;sirloin, tenderloin, wagyu;steak, grilled, cordon bleu;salmon, fish and chips;soup, garlic bread, fries;various meatball, tomyam, shabu shabu, udon etc;no;juice, squash, soft drink, mineral water, coffee, tea;seafood;no;no;no;no;no;no;yes;praying room, kids friendly
126;Holy Smokes;North Jakarta;Pantai Indah Kapuk;Ruko Cluster Garden House;Wagyu Brisket Fatty 180gr (meat only);160000; 4.5 ;258; 4.4 ;426;Western;brisket, ribs, fillet, rib eye, porterhouse, wagyu;barbeque, fried;salmon;fries;burger, sandwich, fries, pork chop etc;pudding, bread, cake, tart, pannacotta;mineral water, soft drink, tea;pork, seafood;yes;no;no;no;no;yes;yes;no
127;Parkiran Steak & Bar;North Jakarta;Sunter;Owned place;Parkiran T-Bone 200gr;122000; 0.0 ;0; 3.0 ;5;Local Westerned;sirloin, tenderloin, rib eye, t-bone, cube;grilled;salmon, tuna, dory;salad, pasta;fries, soup, pizza, hot dog, pizza, indomie etc;toast;beer, wine, alcohol, local drink, energy drink, juice, mineral water, coffee, tea;seafood, lamb;yes;no;no;yes;beer, wine, whiskey, gin, rum, liquor etc;yes;yes;private dining, valet parking, live entertainment, bar
128;The Garden;North Jakarta;Pantai Indah Kapuk;Ruko Garden House;Pleasure Pork Ribs;170000; 4.5 ;1575; 4.4 ;1693;Local Westerned;ribs, t-bone, wagyu;grilled;crab, fish of the day;fries, escargot, chips, burger;soup, rice plate, noodle, beehoon, pizza, bun etc;cake, souffle, crumble, ice cream, churros, parfait;beer, wine, alcohol, mocktails, milkshakes, soft drink, mineral water, coffee, tea;seafood, pork, tofu;yes;yes;no;yes;wine, beer, liquor, cocktail;yes;yes;bar, live music
129;Beatrice Quarters;North Jakarta;Pantai Indah Kapuk;PIK Avenue Mall;Hibachi Steak Hokubee Sirloin;175000; 4.3 ;196; 4.1 ;146;Japanese;sirloin, tenderloin, rib eye;grilled;salmon, dory;salad;pasta, fried rice, mentaiko, fries, healthy bowl;toast;coffee;seafood;yes;no;no;no;no;yes;yes;no
130;Frankfurter Hotdog & Steak;North Jakarta;Pluit;Owned place;Salmon Trout;175000; 4.5 ;588; 4.0 ;92;Local Westerned;sirloin, tenderloin, rib eye;steak;salmon, dory;no;sausages, burger, pasta, corrizo;ice cream, sweet drinks;squash, coffee, tea;seafood;yes;no;no;no;no;no;no;no
131;PAVVO Kitchen Bar & Lounge;North Jakarta;Pantai Indah Kapuk;Ruko Beach Boulevard;Tomahawk;1850000; 4.6 ;118; 0.0 ;0;Western;tomahawk;no;salmon, prawns, lobster;no;pasta;ice cream, cake, croissant;alcohol, mocktail, juice, matcha, chocolate, soft drinks, coffee, tea;pork, seafood, duck, lamb;yes;no;no;yes;whiskey, gin, tequila, malt etc;no;yes;live entertainment, bar
132;PVBLIC Bistro & Bar;North Jakarta;Pantai Indah Kapuk;Ruko Elang Laut;US T-Bone Steak;250000; 4.3 ;367; 4.0 ;154;Western;tenderloin, t-bone, brisket;fried;salmon;salad;rice plate, fried rice, noodle, kway teow, fries;no;beer, soju, alcohol, mocktail, juice, mineral water, energy drink, soft drink, coffee, tea;seafood, pork;no;no;no;yes;beer, soju, liquor;yes;yes;no
133;Holycow! Kalimalang;East Jakarta;Kalimalang;Transmart Carefour;US Tenderloin;149000; 4.6 ;2364; 4.2 ;198;Local Westerned;sirloin, tenderloin, rib eye, wagyu, hokubee;steak;salmon;no;meatballs, salmon, fries etc;gelato, cake, pancake;lime, soda, mango latte, milkshakes, matcha, cappucino, soft drink;seafood;yes;no;no;no;no;yes;yes;no
134;The Real Holysteak!;East Jakarta;Cibubur;Trans Studio Mall Cibubur;Wagyu Tenderloin 200gr;199000; 3.2 ;22; 3.9 ;72;Local Westerned;sirloin, tenderloin, rib eye, ribs, wagyu;yes;fish and chips, salmon;soup, pasta, spinach;burger, mac and cheese balls etc;pannacotta, banana fritters, cake;milkshakes, mocktails, coffee, tea;seafood, vegetables;yes;no;no;no;no;no;yes;no
135;Abuba Steak;East Jakarta;Klender;Owned place;New Zealand Sirloin ;97000; 4.4 ;2198; 3.8 ;101;Local Westerned;sirloin, tenderloin, rib eye, wagyu, t-bone;steak;salmon, gindara, dory;fries, pasta, salad;no;ice cream, pudding, cake;milkshakes, juice, mocktail, tea, soft drink, chocolate, mineral water;seafood, lamb;yes;yes;no;no;no;yes;yes;no
136;iSTEAKu;East Jakarta;Cibubur;Owned place;AUS Wagyu Meltique Rib Eye 150gr;119000; 4.5 ;140; 3.9 ;49;Local Westerned;striploin, tenderloin, rib eye, wagyu;parmigiana, maryland, grill;no;quesadila, fries, nachos;pasta, soup, rice plate, fried rice, burger etc;ice cream, cake, sweet drinks;mocktail, milkshakes, juice, chocolate, coffee, tea;no;no;no;no;no;no;no;yes;praying room
137;Steak 21;East Jakarta;Cakung;AEON Mall;Supreme Sirloin Orginal Regular 200gr;143000; 4.3 ;72; 3.9 ;37;Local Westerned;sirloin, tenderloin, wagyu;steak, grilled, crispy, cordon bleu;salmon, gindara, kakap, tuna;soup, salad, pasta;burger, fries, fried rice;banana split, sweet drinks;coffee, tea, chocolate, juice, milkshakes, soda;seafood, lamb;yes;no;no;yes;no;yes;yes;no
138;Steak 21;East Jakarta;Klender;Buaran Plaza;Supreme Tenderloin Regular 200gr;166000; 3.6 ;11; 3.3 ;23;Local Westerned;sirloin, tenderloin, wagyu;steak, grilled, crispy, cordon bleu;salmon, gindara, kakap, tuna;soup, salad, pasta;burger, fries, fried rice;banana split, sweet drinks;coffee, tea, chocolate, juice, milkshakes, soda;seafood, lamb;yes;no;no;no;no;yes;yes;no
139;Blue Fire Steakhouse;East Jakarta;Duren Sawit;Owned place;Wagyu Top Blade;106000; 4.6 ;374; 4.0 ;60;Local Westerned;sirloin, wagyu;grilled;dory, fish and chips;soup, potato wedges;pasta, fried rice, burger, sandwich;no;chocolate, juice, squash, coffee, tea;seafood;yes;yes;yes;yes;no;no;yes;praying room
140;Waroeng Steak & Shake;East Jakarta;Kalimalang;Owned place;Steak Waroeng with Cheese Sauce;32727; 4.5 ;3513; 3.4 ;19;Local;sirloin, tenderloin, rib eye;steak, cordon bleu;fish steak, grilled;no;chicken rice;sweet drinks;milkshakes, orange, iced tea, chocolate, lime, tea, mineral water;seafood;yes;no;no;no;no;no;no;no
141;Fiesta Steak;East Jakarta;Cibubur;Mall Ciputra;Wagyutaki Steak;123636; 4.1 ;117; 2.7 ;33;Local;sirloin, tenderloin, rib eye, wagyu;steak, grilled, fried;salmon, fish and chips;soup, pasta, salad, chicken pop;fries, rice plate;no;mineral water, soft drink, coffee, orange juice, milo, tea;seafood;no;no;no;no;no;yes;no;no
142;Andakar;East Jakarta;Kramat Jati;Owned place;Burger Steak;56000; 4.4 ;967; 2.8 ;39;Local;sirloin, tenderloin, rib eye, ribs;steak, fried, filet;fish and chips, salmon, dory;lasagna, fries, nachos;burger, fries etc;ice cream;milkshakes, mineral water, squash, coffee, tea, juice, soft drink;seafood, lamb;yes;no;yes;no;no;yes;no;no
143;Obonk Steak & Ribs;East Jakarta;Klender;Owned place;Steak Tepung Beef Double;32000; 4.4 ;361; 2.7 ;17;Local;sirloin, tenderloin, rib eye, ribs;steak, cheese, cordon bleu;tuna, gindara;soup, fries;no;sweet drink;juice, float, milkshakes, coffee, tea;seafood;yes;no;no;no;no;no;no;no
144;Holycow! Halim Perdanakusuma;East Jakarta;Makasar;Bandara Halim Perdanakusuma;Hokubee Rib Eye;158000; 4.1 ;491; 2.4 ;32;Local Westerned;sirloin, tenderloin, rib eye, wagyu, hokubee;steak;salmon;no;meatballs, salmon, fries etc;gelato, cake, pancake;lime, soda, mango latte, milkshakes, matcha, cappucino, soft drink;seafood;yes;no;no;no;no;yes;no;breakfast, kids friendly
145;Industrial Steak & Blend;East Jakarta;Kramat Jati;Owned place;Sirloin Crispy Steak;41000; 4.4 ;336; 3.1 ;17;Local;sirloin, tenderloin;steak;no;no;rice plate, fried rice, noodle, fries, pasta etc;ice cream, waffle, pancake, gelato;mocktail, milkshakes, blend, coffee, tea, chocolate, mineral water;no;yes;no;no;yes;no;yes;no;kids friendly
146;Besteak;East Jakarta;Cijantung;Cijantung Mall;Mozarella Sirloin;57000; 3.8 ;14; 2.6 ;30;Local;sirloin, tenderloin;steak, cordon bleu, teriyaki;no;no;rice plate, fried rice, noodle, fries etc;sweet drink;milkshakes, float, coffee, tea;no;yes;no;no;no;no;no;no;no
147;Roellie's;East Jakarta;Cibubur;SPBU Cibubur;Fried Chicken Steak;63500; 0.0 ;0; 2.4 ;12;Local;sirloin, tenderloin;steak, grilled, fried;no;fries, soup, salad, pasta;sop buntut, rawon;ice cream, sweet drinks;float, juice, smooties;duck;yes;yes;no;no;no;no;no;no
148;OMG Octav's Meat & Grill;East Jakarta;Cibubur;Blockbooster;Grill Ribs Large 1000gr;170000; 4.4 ;939; 3.6 ;35;Local Westerned;sirloin, tenderloin, rib eye, ribs;steak, grilled, fried, parmigiana;salmon, fish and chips;fries, soup, salad;burger, rice plate, fried rice, rice bowl, pasta;ice cream, toast, donuts, pannacotta, cake;beer, milkshakess, juice, shakes, mocktail, coffee, tea;seafood;yes;no;no;yes;beer;yes;yes;kids menu, praying room, live entertainment
149;El Bana Steak & Ribs;East Jakarta;Jatinegara;Owned place;Chicken Steak;32000; 4.2 ;155; 3.2 ;17;Local;sirloin, tenderloin;steak, katsu karaage, cordon bleu;yes;no;fried rice, burger, pasta, omelette;sweet drinks;milkshakes, float, squash, orange, coffee, tea;seafood;yes;no;no;no;no;no;no;no
150;Abuba Steak;Bekasi;Bekasi Barat;Summarecon;Wagyu Sirloin (MB 6-7);225000; 4.5 ;2654; 3.6 ;56;Local Westerned;sirloin, tenderloin, rib eye, wagyu, t-bone;steak;salmon, gindara, dory;fries, pasta, salad;no;ice cream, pudding, cake;milkshakes, juice, mocktail, tea, soft drink, chocolate, mineral water;seafood, lamb;yes;yes;no;no;no;yes;yes;kids friendly
151;Steak 21;Bekasi;Bekasi Selatan;Metropolitan Mall;Prime Tenderloin Small 150gr;102000; 4.4 ;50; 3.6 ;66;Local Westerned;sirloin, tenderloin, wagyu;steak, grilled, crispy, cordon bleu;salmon, gindara, kakap, tuna;soup, salad, pasta;burger, fries, fried rice;banana split, sweet drinks;coffee, tea, chocolate, juice, milkshakes, soda;seafood, lamb;yes;no;no;no;no;yes;yes;no
152;Fiesta Steak;Bekasi;Bekasi Selatan;Grand Galaxy Park;Sheriff Steak;94454; 4.2 ;266; 3.1 ;35;Local;sirloin, tenderloin, rib eye, wagyu;steak, grilled, fried;salmon, fish and chips;soup, pasta, salad, chicken pop;fries, rice plate;no;mineral water, soft drink, coffee, orange juice, milo, tea;seafood;yes;yes;no;no;no;no;no;no
153;Ono Steak;Bekasi;Pondok Gede;Owned place;Steak Ribeye (per gram);400; 4.5 ;425; 3.3 ;6;Local;sirloin, tenderloin, rib eye;steak, grilled, fried;no;fries;indomie;fried banana, ice cream, banana split;milkshakes, coffee, soft drink, tea, milk, juice;no;yes;yes;no;yes;no;yes;no;praying room
154;Kedai Steak Nusantara;Bekasi;Jatisampurna;Owned place;Rump Steak 150gr;40000; 4.4 ;361; 3.5 ;4;Local;sirloin, rump, tenderloin;steak, fingers, cordon bleu;fish and chips;fries, pasta;soup, fried rice, rice plate, noodle, kway teow, beehoon, bakso etc;ice cream, es campur;tea, juice, mineral water, coffee, chocolate;lamb;yes;no;no;yes;no;yes;yes;praying room
155;Karnivor;Bekasi;Bekasi Utara;Summarecon;Meat Tower 2kg;449000; 4.4 ;2779; 3.8 ;150;Western;sirloin, tenderloin, t-bone, wing cut, hamburg;steak, fingers, cordon bleu;no;fries;pizza, sausage, bibimbap;fries;soda, blended, smooties, milkshakes, juice, tea, coffee, orange, milk, mineral water;no;yes;yes;no;yes;no;no;yes;no
156;Meat Compiler ;South Tangerang;Pondok Aren;Owned place;Australian Wagyu Rib Eye 200gr;245000; 4.6 ;801; 4.6 ;670;Western;sirloin, tenderloin, t-bone, santori;steak, burger;salmon;fries;burger, beef stroganoff;ice cream, brulee;coffee, tea, soft drink, mineral water;lamb, duck;yes;no;no;no;no;no;yes;no
157;Holycow! Pondok Aren;South Tangerang;Pondok Aren;Owned place;Wagyu Tenderloin MB +9;420000; 4.5 ;2956; 4.3 ;277;Local Westerned;sirloin, tenderloin, rib eye, wagyu, hokubee;steak;salmon;no;meatballs, salmon, fries etc;gelato, cake, pancake;lime, soda, mango latte, milkshakes, matcha, cappucino, soft drink etc.;seafood;yes;yes;no;no;no;no;yes;no
158;B'Steak Grill & Pancake;South Tangerang;Serpong Utara;Owned place;Lousiana Prime Ribs 1kg;258500; 4.6 ;5594; 4.4 ;1096;Western;brisket, tenderloin, striploin, rib eye, mignon, ribs, tomahawk, t-bone;grilled, schnitzel, cordon bleu, steak, florentine etc;fish and chips, dory, salmon, snapper;fries, soup, salad, taco, quesadilas;sausage, omelette, burger, pasta, pie etc;pancake, ice cream, banana, toast, sweet drinks;beer, juice, milkshakes, mocktail, coffee, tea;seafood, lamb;no;yes;no;yes;beer;yes;yes;live entertainment
159;Yells Steak;South Tangerang;Cipondoh;Owned place;Tenderloin Australian 170gr;99000; 4.4 ;330; 4.1 ;130;Local Westerned;sirloin, tenderloin, rib eye;steak, grilled, fries, schnitzel;fish and chips, dory;pasta;pasta, fries, sausage;brulee, pannacotta;beer, milkshakes, coffee, tea, mineral water ;seafood, pork;yes;no;yes;yes;beer;yes;yes;private dining
160;Steakmate;South Tangerang;Serpong Utara;Owned place;Hokubee Tenderloin;145000; 4.5 ;163; 4.2 ;250;Local Westerned;sirloin, tenderloin, rib eye;steak, wings, fries;no;salad, pasta;burger, pasta, rice bowl;cake, brulee, pannacotta;beer, iced, coffee, tea, soft drink, squash, mineral water;no;yes;no;no;yes;beer;yes;yes;no
161;Double U Steak by Chef Widhi;South Tangerang;Pondok Aren;Owned place;NZ Sirloin 200gr;120000; 4.7 ;1687; 4.5 ;234;Local Westerned;sirloin, rib eye, rump;roasted;salmon, dory;salad, fries, tortilla;pasta;cake, ice cream;smooties, blended, coffee, tea, juice, lime, soft drink, mineral water;seafood, lamb;yes;no;yes;yes;no;yes;yes;praying room
162;Steak Industry;South Tangerang;Pondok Aren;PHX Bintaro;Local Tenderloin;55000; 4.7 ;160; 3.9 ;23;Local;sirloin, tenderloin, rib eye, bistik;steak, burger;no;no;burger, fries;no;tea, mineral water;no;yes;no;no;yes;no;no;no;praying room, private dining
163;Steak 21;South Tangerang;Serpong Utara;Living World;Combi Steak;80000; 4.1 ;8; 3.6 ;52;Local Westerned;sirloin, tenderloin, wagyu;steak, grilled, crispy, cordon bleu;salmon, gindara, kakap, tuna;soup, salad, pasta;burger, fries, fried rice, pasta;banana split, sweet drinks;coffee, tea, chocolate, juice, milkshakes, soda;seafood, lamb;yes;no;no;no;no;no;yes;no
164;Gandy Bistro;South Tangerang;Serpong;Teras Kota;Grilled US T-Bone;320000; 4.4 ;401; 3.8 ;58;Western;sirloin, tenderloin, rib eye, ribs;steak, schnitzel, cordon bleu etc;salmon, fish, prawn, platter, fish and chips;soup, salad, pasta, garlic bread, quesadilas;sandwich, schnitzel, burger, fries etc;ice cream, gelato;beer, wine, alcohol, coffee, iced coffee, iced tea, juice, milkshakes, water, mocktails;seafood, lamb;no;yes;yes;no;yes;no;yes;no
165;Mamoo;Tangerang;Ciledug;Owned place;Beef Mushroom;26000; 4.5 ;2932; 3.5 ;57;Local;sirloin, tenderloin, beef;steak, grilled;squid, catfish;fries;pasta;no;milkshakes, float, juice, lemon, coffee, tea, soft drink, mineral water;seafood;yes;no;no;no;no;no;no;no
166;Dagos Steak & Milk;South Tangerang;Pamulang;Owned place;Prime Beef Sirloin 200gr;80000; 5.0 ;9; 3.5 ;5;Local;sirloin, tenderloin;steak, grilled;no;;pasta, burger, kebab, roti john, roti canai, fries, fried rice, sausages;no;milkshakes, juice, blended, coffee, tea, chocolate, soft drink, mineral water;no;no;no;no;no;no;yes;yes;no
167;Rigita Steak;Depok;Sukmajaya;Owned place;Standard Tenderloin Steak;29000; 4.6 ;178; 3.7 ;6;Local;sirloin, tenderloin;steak;seabass, tuna;no;soup, sausage, fries;no;juice, yoghurt, soft drink, coffee, tea, mineral water;seafood;yes;no;no;no;no;no;no;no
168;Ray's Steak & Grill;Depok;Beji;Owned place;Tenderloin Steak 200gr;73636;;; 3.9 ;109;Local;sirloin, tenderloin, rib eye;steak, parmigiana, teriyaki;salmon, dory;pasta, quesadillas;pasta, burger, fries;no;coffee, tea, soft drink, mineral water;seafood;yes;yes;yes;yes;no;yes;yes;praying room, live entertainment
169;Abuba Steak;Depok;Beji;Owned place;Wagyu Rib Eye (MB 4-5);183000; 4.6 ;202; 3.8 ;174;Local Westerned;sirloin, tenderloin, rib eye, wagyu, t-bone;steak;salmon, gindara, dory;fries, pasta, salad;no;ice cream, pudding, cake;milkshakes, juice, mocktail, tea, soft drink, chocolate, mineral water;seafood, lamb;yes;yes;no;no;no;yes;yes;kids friendly
170;Fiesta Steak;Depok;Beji;Margo City;Australian Sirloin Steak;92727;;; 3.4 ;90;Local;sirloin, tenderloin, rib eye, wagyu;steak, grilled, fried;salmon, fish and chips;soup, pasta, salad, chicken pop;fries, rice plate;no;mineral water, soft drink, coffee, orange juice, milo, tea;seafood;yes;no;no;no;no;no;no;no
171;Double U Steak by Chef Widhi;Depok;Beji;Owned place;Rump MB+6 250gr;160000; 4.8 ;697; 4.0 ;44;Local Westerned;sirloin, rib eye, rump;roasted;salmon, dory;salad, fries, tortilla;pasta;cake, ice cream;smooties, blended, coffee, tea, juice, lime, soft drink, mineral water;seafood, lamb;yes;no;no;yes;no;yes;yes;praying room
172;Waroeng Steak & Shake;Depok;Cimanggis;Owned place;Single Sirloin Brown;25455; 4.4 ;4716; 3.6 ;64;Local;sirloin, tenderloin, rib eye;steak, cordon bleu;fish steak, grilled;no;chicken rice;sweet drinks;milkshakes, orange, iced tea, chocolate, lime, tea, mineral water;seafood;yes;no;no;no;no;no;yes;no
173;Steak Moen;Depok;Beji;Depok Town Square;Double Tenderloin Hot Plate;25000; 4.3 ;2518; 3.6 ;87;Local;sirloin, tenderloin;steak;no;no;pasta;pudding;mocktail, yakult, coffee, tea, soft drink, mineral water;no;yes;no;no;no;no;no;no;no
174;Uncle Jo Steak;Depok;Pancoran Mas;Owned place;Sirloin Steak 100gr;48000; 4.9 ;73; 3.6 ;13;Local;sirloin, tenderloin;steak, cordon bleu;salmon, fish and chips;pasta;soup, fried rice, rice plate, fries;no;milkshakes, juice, special, coffee, tea, mineral water;seafood;yes;no;no;yes;no;no;yes;no
175;Selayang Pandang Kitchen Gallery;Depok;Sawangan;Owned place;Tenderloin Steak Australian Meat;83000; 4.4 ;715; 3.8 ;45;Local;sirloin, tenderloin, rib eye;grilled;salmon, carp, shrimp, squid;fries;fries, soup, salad, pasta, noodle, rice plate;no;blended, coffee, tea, mocktail;seafood;yes;no;yes;yes;no;yes;yes;praying room, live entertainment
176;Steak 21;Depok;Sukmajaya;Pesona Square Mall;Prime Rib Eye 200gr;102000; 4.7 ;93; 3.7 ;36;Local Westerned;sirloin, tenderloin, wagyu;steak, grilled, crispy, cordon bleu;salmon, gindara, kakap, tuna;soup, salad, pasta;burger, fries, fried rice, pasta;banana split, sweet drinks;coffee, tea, chocolate, juice, milkshakes, soda;seafood, lamb;yes;no;no;no;no;no;yes;no
177;D'rill Steak;Depok;Cimanggis;Owned place;Super Tenderloin;25000;;; 2.9 ;4;Local;beef, tenderloin;steak;dory, squid, prawn;no;pasta, rice plate, rice bowl, noodle;ice cream;milkshakes, float, blended, chocolate, coffee, tea, mineral water;seafood;yes;no;no;no;no;no;no;no
178;Babeh Steak;Depok;Cimanggis;Owned place;Rib Eye Import Regular;69000; 4.8 ;593; 3.7 ;26;Local;sirloin, tenderloin, rib eye;steak, schnitzel;dory;salad;fries, soup, rice plate, fried rice, noodle;toast, grilled banana;bir pletok, juice, coffee, tea, orange, mineral water;seafood, lamb;yes;yes;yes;yes;no;yes;yes;praying room
179;Crunchy Fried Chicken Steak;Depok;Sawangan;Owned place;Sirloin Steak ;35000;;; 3.2 ;5;Local;sirloin, tenderloin;steak, geprek;no;salad;fries, sausages, fried rice, pasta;no;milkshakes, soda, float, juice, tea, mineral water;no;yes;no;no;yes;no;no;no;no
180;B'Steak Grill & Pancake;Bogor;Bogor Timur;Owned place;Kingston Striploin 200gr;228500; 4.6 ;4223; 4.5 ;574;Western;brisket, tenderloin, striploin, rib eye, mignon, ribs, tomahawk, t-bone;grilled, schnitzel, cordon bleu, steak, florentine etc;fish and chips, dory, salmon, snapper;fries, soup, salad, taco, quesadilas;sausage, omelette, burger, pasta, pie etc;pancake, ice cream, banana, toast, sweet drinks;beer, juice, milkshakes, mocktail, coffee, tea;seafood, lamb;yes;yes;no;yes;beer;no;yes;praying room, private dining
181;Steak 21;Bogor;Bogor Tengah;Botani Square;Supreme Ribeye 150gr;108000; 4.5 ;485; 3.7 ;51;Local Westerned;sirloin, tenderloin, wagyu;steak, grilled, crispy, cordon bleu;salmon, gindara, kakap, tuna;soup, salad, pasta;burger, fries, fried rice, pasta;banana split, sweet drinks;coffee, tea, chocolate, juice, milkshakes, soda;seafood, lamb;yes;no;no;no;no;yes;yes;no
182;Ono Steak;Bogor ;Bogor Utara;Owned place;Tenderloin Steak;79000; 4.4 ;1167; 3.8 ;28;Local;sirloin, tenderloin, rib eye;steak, grilled, fried;no;fries;indomie;fried banana, ice cream, banana split;milkshakes, coffee, soft drink, tea, milk, juice;no;yes;yes;no;yes;no;yes;yes;praying room, private dining
183;Happy Cow Steak;Bogor ;Bogor Utara;Owned place;Sirloin 200gr;65500; 4.5 ;608; 3.6 ;44;Local;sirloin, tenderloin, santori, wagyu;steak, cordon bleu, stroganoff, mozarella;no;no;no;patbingsoo, ice cream;coffee, tea, soda, milkshakes, juice, lemon, milk, mineral water;no;yes;no;yes;no;no;no;yes;no
184;Abuba Steak;Bogor ;Bogor Utara;Owned place;United States Rib Eye;135000; 4.4 ;3487; 4.0 ;172;Local Westerned;sirloin, tenderloin, rib eye, wagyu, t-bone;steak;salmon, gindara, dory;fries, pasta, salad;no;ice cream, pudding, cake;milkshakes, juice, mocktail, tea, soft drink, chocolate, mineral water;seafood, lamb;yes;yes;yes;no;no;yes;yes;kids friendly
185;Waroeng Steak & Shake;Bogor ;Bogor Timur;Owned place;Beef Melted Signature;113636; 4.4 ;5098; 3.3 ;36;Local;sirloin, tenderloin, rib eye;steak, cordon bleu;fish steak, grilled;no;chicken rice;sweet drinks;milkshakes, orange, iced tea, chocolate, lime, tea, mineral water;seafood;yes;no;yes;yes;liquor;no;no;praying room
186;Kumalawangi;Bogor ;Bogor Tengah;Royal Amaroosa Hotel Bogor;Grill Sirloin Steak;107000;;; 3.0 ;7;Local;sirloin;grilled;no;fries, pasta, salad;noodle, sandwich, burger, rice plate, pasta;ice cream, banana split, pancake;alcohol, mocktail, milkshakes, squash, juice, traditional, coffee, tea, soft drink, mineral water;no;no;no;no;no;no;yes;yes;breakfast
187;Dapoer Assalam;Bogor ;Bogor Barat;Owned place;Beef Steak;27000; 4.4 ;627; 3.2 ;8;Local;beef, sirloin;steak, grilled, fried;carp;no;soup, rice plate, fried rice;no;milkshakes, juice, coffee, tea, orange, float, squash, soft drink, mineral water;seafood, duck, vegetables;no;yes;no;yes;no;yes;no;valet parking
